Country (Institute),Target,Oligonucleotide,Sequence
UNZA (SeqPrimers),Amplicon_6,UNZA_COV2-ZM20-4319_F,AAATGGTTACACTGTAGAGGAG
UNZA (SeqPrimers),Amplicon_17,UNZA_COV2-ZM20-13379_F,AACTTGTGCTAATGACCCTGTG
UNZA (SeqPrimers),Amplicon_36,UNZA_COV2-ZM20-28907_F,AAGAAATTCAACTCCAGGCAGC
UNZA (SeqPrimers),Amplicon_33,UNZA_COV2-ZM20-27488_R,AAGTAGCGAGTGTTATCAGTGC
UNZA (SeqPrimers),Amplicon_4,UNZA_COV2-ZM20-3608_R,AAGTGGTCCATTAGTAGCTATG
UNZA (SeqPrimers),Amplicon_16,UNZA_COV2-ZM20-12500_F,AATACCTCTTACAACAGCAGCC
UNZA (SeqPrimers),Amplicon_22,UNZA_COV2-ZM20-17781_F,AATTCCTTACACGTAACCCTGC
UNZA (SeqPrimers),Amplicon_8,UNZA_COV2-ZM20-5965_F,AATTGGATGGTGTTGTTTGTAC
UNZA (SeqPrimers),Amplicon_23,UNZA_COV2-ZM20-19543_R,ACAGACAGCACCACCTAAATTG
UNZA (SeqPrimers),Amplicon_1,UNZA_COV2-ZM20-87_F,ACCAACTTTCGATCTCTTGTAG
UNZA (SeqPrimers),Amplicon_31,UNZA_COV2-ZM20-24947_F,ACCACAAATCATTACTACAGACAAC
UNZA (SeqPrimers),Amplicon_28,UNZA_COV2-ZM20-22495_F,ACCCTCTCTCAGAAACAAAGTG
UNZA (SeqPrimers),Amplicon_8,UNZA_COV2-ZM20-6938_R,ACCGACACTCTTAACAGTATTC
UNZA (SeqPrimers),Amplicon_9,UNZA_COV2-ZM20-6802_F,ACCGTGTTTGTACTAATTATATGCC
UNZA (SeqPrimers),Amplicon_19,UNZA_COV2-ZM20-15088_F,ACGTAATGTCATCCCTACTATAACTC
UNZA (SeqPrimers),Amplicon_32,UNZA_COV2-ZM20-25689_F,ACTTGCTGTTGTTGTTTGTAAC
UNZA (SeqPrimers),Amplicon_27,UNZA_COV2-ZM20-22661_R,AGATGCAAATCTGGTGGCG
UNZA (SeqPrimers),Amplicon_26,UNZA_COV2-ZM20-21815_R,AGCATGGAACCAAGTAACATTG
UNZA (SeqPrimers),Amplicon_9,UNZA_COV2-ZM20-7734_R,AGTCTCTCGCAACTTCATCAC
UNZA (SeqPrimers),Amplicon_29,UNZA_COV2-ZM20-24306_R,ATGGTATTTGTAATGCAGCACC
UNZA (SeqPrimers),Amplicon_5,UNZA_COV2-ZM20-4483_R,ATTAATTTGCGTGTTTCTTCTGC
UNZA (SeqPrimers),Amplicon_21,UNZA_COV2-ZM20-17909_R,ATTCTGAGCCCTGTGATGAATC
UNZA (SeqPrimers),Amplicon_11,UNZA_COV2-ZM20-9392_R,ATTTACAGCATCTACACCACAG
UNZA (SeqPrimers),Amplicon_17,UNZA_COV2-ZM20-14383_R,ATTTGGGTGGTATGTCTGATCC
UNZA (SeqPrimers),Amplicon_2,UNZA_COV2-ZM20-1926_R,CAAATGCATAAAGAGGACTCAG
UNZA (SeqPrimers),Amplicon_34,UNZA_COV2-ZM20-28294_R,CAACACGAACGTCATGATACTC
UNZA (SeqPrimers),Amplicon_24,UNZA_COV2-ZM20-20306_R,CAATTTCCATTTGACTCCTGGG
UNZA (SeqPrimers),Amplicon_35,UNZA_COV2-ZM20-29082_R,CAGCAGCAGATTTCTTAGTGAC
UNZA (SeqPrimers),Amplicon_12,UNZA_COV2-ZM20-10206_R,CATCAAGCCAAAGACCGTTAAG
UNZA (SeqPrimers),Amplicon_13,UNZA_COV2-ZM20-10074_F,CCACAAACCTCTATCACCTCAG
UNZA (SeqPrimers),Amplicon_29,UNZA_COV2-ZM20-23349_F,CCACAGACACTTGAGATTCTTG
UNZA (SeqPrimers),Amplicon_6,UNZA_COV2-ZM20-5305_R,CCATTAACTTGTGGGTATTTCC
UNZA (SeqPrimers),Amplicon_28,UNZA_COV2-ZM20-23530_R,CCTGTAGAATAAACACGCCAAG
UNZA (SeqPrimers),Amplicon_23,UNZA_COV2-ZM20-18563_F,CCTTGGAATGTAGTGCGTATAAAG
UNZA (SeqPrimers),Amplicon_1,UNZA_COV2-ZM20-1043_R,CGTGTACCAAGCAATTTCATG
UNZA (SeqPrimers),Amplicon_21,UNZA_COV2-ZM20-16900_F,CTATGGTGATGCTGTTGTTTACC
UNZA (SeqPrimers),Amplicon_7,UNZA_COV2-ZM20-6176_R,CTCTTGAAGCAGGTTTCTTATAAC
UNZA (SeqPrimers),Amplicon_25,UNZA_COV2-ZM20-20133_F,CTGTAGGTCCCAAACAAGCTAG
UNZA (SeqPrimers),Amplicon_24,UNZA_COV2-ZM20-19316_F,CTTAACTTGCCTGGTTGTGATG
UNZA (SeqPrimers),Amplicon_10,UNZA_COV2-ZM20-8565_R,CTTGTCTAGTAGTTGCACATGTC
UNZA (SeqPrimers),Amplicon_10,UNZA_COV2-ZM20-7567_F,GAGCAACAAGAGTCGAATGTAC
UNZA (SeqPrimers),Amplicon_12,UNZA_COV2-ZM20-9255_F,GATTCTGAGTACTGTAGGCACG
UNZA (SeqPrimers),Amplicon_30,UNZA_COV2-ZM20-24129_F,GATTGCCTTGGTGATATTGCTG
UNZA (SeqPrimers),Amplicon_13,UNZA_COV2-ZM20-11022_R,GGAAAGTAACACCTGAGCATTG
UNZA (SeqPrimers),Amplicon_31,UNZA_COV2-ZM20-25909_R,GTCGTAACAATTAGTATGCCAGC
UNZA (SeqPrimers),Amplicon_20,UNZA_COV2-ZM20-15971_F,GTGTACCTTCCTTACCCAGATC
UNZA (SeqPrimers),Amplicon_34,UNZA_COV2-ZM20-27256_F,GTTTCATCTCGTTGACTTTCAGG
UNZA (SeqPrimers),Amplicon_16,UNZA_COV2-ZM20-13550_R,TAAGACGGGCTGCACTTACAC
UNZA (SeqPrimers),Amplicon_15,UNZA_COV2-ZM20-12734_R,TAATTTGACAGCAGAATTGGCC
UNZA (SeqPrimers),Amplicon_27,UNZA_COV2-ZM20-21668_F,TACAACCAGAACTCAATTACCC
UNZA (SeqPrimers),Amplicon_4,UNZA_COV2-ZM20-2605_F,TACAACCATTAGAACAACCTACT
UNZA (SeqPrimers),Amplicon_25,UNZA_COV2-ZM20-21064_R,TACAGTTGCACAATCACCAATC
UNZA (SeqPrimers),Amplicon_32,UNZA_COV2-ZM20-26643_R,TACTAGGTTCCATTGTTCAAGG
UNZA (SeqPrimers),Amplicon_22,UNZA_COV2-ZM20-18725_R,TATCACATAGACAACAGGTGCG
UNZA (SeqPrimers),Amplicon_15,UNZA_COV2-ZM20-11716_F,TCAACCGCTACTTTAGACTGAC
UNZA (SeqPrimers),Amplicon_20,UNZA_COV2-ZM20-17032_R,TCTAACATAGTGCTCTTGTGGC
UNZA (SeqPrimers),Amplicon_33,UNZA_COV2-ZM20-26495_F,TCTTCTAGAGTTCCTGATCTTCTG
UNZA (SeqPrimers),Amplicon_19,UNZA_COV2-ZM20-16137_R,TGAAAGACATCAGCATACTCCTG
UNZA (SeqPrimers),Amplicon_30,UNZA_COV2-ZM20-25128_R,TGCCAGAGATGTCACCTAAATC
UNZA (SeqPrimers),Amplicon_11,UNZA_COV2-ZM20-8454_F,TGGAACGTTAAAGATTTCATGTC
UNZA (SeqPrimers),Amplicon_35,UNZA_COV2-ZM20-28124_F,TGTGCSTGGATGAGGCTGGTTC
UNZA (SeqPrimers),Amplicon_5,UNZA_COV2-ZM20-3488_F,TGTTAATGCAGCCAATGTTTAC
UNZA (SeqPrimers),Amplicon_14,UNZA_COV2-ZM20-11841_R,TGTTGAGTTTGAAGGCATCTATG
UNZA (SeqPrimers),Amplicon_7,UNZA_COV2-ZM20-5178_F,TTACCTAATGATGACACTCTACG
UNZA (SeqPrimers),Amplicon_26,UNZA_COV2-ZM20-20885_F,TTAGCTGTACCCTATAATATGAGAG
UNZA (SeqPrimers),Amplicon_2,UNZA_COV2-ZM20-950_F,TTCATGCACTTTGTCCGAAC
UNZA (SeqPrimers),Amplicon_18,UNZA_COV2-ZM20-14262_F,TTGACACTGACTTAACAAAGCC
UNZA (SeqPrimers),Amplicon_3,UNZA_COV2-ZM20-2764_R,TTGAGTGTGAAGGTATTGTTTG
UNZA (SeqPrimers),Amplicon_36,UNZA_COV2-ZM20-29866_R,TTTACACATTAGGGCTCTTCC
UNZA (SeqPrimers),Amplicon_14,UNZA_COV2-ZM20-10864_F,TTTCTGCTCAAACTGGAATTGC
UNZA (SeqPrimers),Amplicon_18,UNZA_COV2-ZM20-15271_R,TTTGCTTGTTCCAATTACTACAG
UNZA (SeqPrimers),Amplicon_3,UNZA_COV2-ZM20-1776_F,TTTGTGGAAACTGTGAAAGG
Charité (Germany),RdRp,Charité_RdRp_F,GTGARATGGTCATGTGTGGCGG
Charité (Germany),RdRp,Charité_S_RdRp_P,CAGGTGGAACCTCATCAGGAGATGC
Charité (Germany),RdRp,Charité_RdRp_R,CARATGTTAAASACACTATTAGCATA
Charité (Germany),E,Charité_E_F,ACAGGTACGTTAATAGTTAATAGCGT
Charité (Germany),E,Charité_E_P,ACACTAGCCATCCTTACTGCGCTTCG
Charité (Germany),E,Charité_E_R,ATATTGCAGCAGTACGCACACA
Charité (Germany),N,Charité_N_F,CACATTGGCACCCGCAATC
Charité (Germany),N,Charité_N_P,ACTTCCTCAAGGAACAACATTGCCA
Charité (Germany),N,Charité_N_R,GAGGAACGAGAAGAGGCTTG
HKU (Hong Kong),ORF1b-nsp14,HKU_ORF_F,TGGGGYTTTACRGGTAACCT
HKU (Hong Kong),ORF1b-nsp14,HKU_ORF_P,TAGTTGTGATGCWATCATGACTAG
HKU (Hong Kong),ORF1b-nsp14,HKU_ORF_R,AACRCGCTTAACAAAGCACTC
HKU (Hong Kong),N,HKU_N_F,TAATCAGACAAGGAACTGATTA
HKU (Hong Kong),N,HKU_N_P,GCAAATTGTGCAATTTGCGG
HKU (Hong Kong),N,HKU_N_R,CGAAGGTGTGACTTCCATG
China CDC (China),N,ChinaCDC_N_F,GGGGAACTTCTCCTGCTAGAAT
China CDC (China),N,ChinaCDC_N_P,TTGCTGCTGCTTGACAGATT
China CDC (China),N,ChinaCDC_N_R,CAGACATTTTGCTCTCAAGCTG
China CDC (China),ORF1ab-nsp10,ChinaCDC_ORF_F,CCCTGTGGGTTTTACACTTAA
China CDC (China),ORF1ab-nsp10,ChinaCDC_ORF_P,CCGTCTGCGGTATGTGGAAAGGTTATGG
China CDC (China),ORF1ab-nsp10,ChinaCDC_ORF_R,ACGATTGTGCATCAGCTGA
US CDC (United States),N1,USCDC_N1_F,GACCCCAAAATCAGCGAAAT
US CDC (United States),N1,USCDC_N1_P,ACCCCGCATTACGTTTGGTGGACC
US CDC (United States),N1,USCDC_N1_R,TCTGGTTACTGCCAGTTGAATCTG
US CDC (United States),N2,USCDC_N2_F,TTACAAACATTGGCCGCAAA
US CDC (United States),N2,USCDC_N2_P,ACAATTTGCCCCCAGCGCTTCAG
US CDC (United States),N2,USCDC_N2_R,GCGCGACATTCCGAAGAA
US CDC (United States),N3,USCDC_N3_F,GGGAGCCTTGAATACACCAAAA
US CDC (United States),N3,USCDC_N3_P,AYCACATTGGCACCCGCAATCCTG
US CDC (United States),N3,USCDC_N3_R,TGTAGCACGATTGCAGCATTG
"Institut Pasteur, Paris (France)",RdRp,Pasteur_IP2_F,ATGAGCTTAGTCCTGTTG
"Institut Pasteur, Paris (France)",RdRp,Pasteur_IP2_P,AGATGTCTTGTGCTGCCGGTA
"Institut Pasteur, Paris (France)",RdRp,Pasteur_IP2_R,CTCCCTTTGTTGTGTTGT
"Institut Pasteur, Paris (France)",RdRp,Pasteur_IP4_F,GGTAACTGGTATGATTTCG
"Institut Pasteur, Paris (France)",RdRp,Pasteur_IP4_P,TCATACAAACCACGCCAGG
"Institut Pasteur, Paris (France)",RdRp,Pasteur_IP4_R,CTGGTCAAGGTTAATATAGG
